pair_id,method,status,reference_path,output_path,deltae_lip,deltae_eye,deltae_skin,deltae_avg
1,baseline,ok,/DATA/yantongliu/PSGAN-ours/PSGAN-spiga/assets/images/makeup/vFG11.png,/DATA/yantongliu/PSGAN-ours/PSGAN-spiga/results/baseline_updated30/pair01_result.png,6.5904669761657715,8.61243724822998,3.8835582733154297,6.3621541659037275
1,ours,ok,/DATA/yantongliu/PSGAN-ours/PSGAN-spiga/assets/images/makeup/vFG11.png,/DATA/yantongliu/PSGAN-ours/PSGAN-spiga/results/ours_updated30/pair01_result.png,6.929371356964111,11.951699256896973,4.595782279968262,7.825617631276448
1,stablemakeup,ok,/DATA/yantongliu/PSGAN-ours/PSGAN-spiga/assets/images/makeup/vFG11.png,/DATA/yantongliu/PSGAN-ours/PSGAN-spiga/results/stablemakeup_updated30/pair01_vSYYZ17_vFG11.png,13.720715522766113,12.394413948059082,9.187257766723633,11.767462412516275
2,baseline,ok,/DATA/yantongliu/PSGAN-ours/PSGAN-spiga/assets/images/makeup/vFG122.png,/DATA/yantongliu/PSGAN-ours/PSGAN-spiga/results/baseline_updated30/pair02_result.png,6.44669771194458,9.924505233764648,6.162389278411865,7.511197408040364
2,ours,ok,/DATA/yantongliu/PSGAN-ours/PSGAN-spiga/assets/images/makeup/vFG122.png,/DATA/yantongliu/PSGAN-ours/PSGAN-spiga/results/ours_updated30/pair02_result.png,2.688309907913208,10.437215805053711,5.351100444793701,6.158875385920207
2,stablemakeup,ok,/DATA/yantongliu/PSGAN-ours/PSGAN-spiga/assets/images/makeup/vFG122.png,/DATA/yantongliu/PSGAN-ours/PSGAN-spiga/results/stablemakeup_updated30/pair02_vSYYZ173_vFG122.png,3.195230007171631,3.8266239166259766,2.4192800521850586,3.1470446586608887
3,baseline,ok,/DATA/yantongliu/PSGAN-ours/PSGAN-spiga/assets/images/makeup/vFG230.png,/DATA/yantongliu/PSGAN-ours/PSGAN-spiga/results/baseline_updated30/pair03_result.png,6.0128984451293945,15.341057777404785,4.568780899047852,8.640912373860678
3,ours,ok,/DATA/yantongliu/PSGAN-ours/PSGAN-spiga/assets/images/makeup/vFG230.png,/DATA/yantongliu/PSGAN-ours/PSGAN-spiga/results/ours_updated30/pair03_result.png,7.332200527191162,2.9901914596557617,6.075368404388428,5.465920130411784
3,stablemakeup,ok,/DATA/yantongliu/PSGAN-ours/PSGAN-spiga/assets/images/makeup/vFG230.png,/DATA/yantongliu/PSGAN-ours/PSGAN-spiga/results/stablemakeup_updated30/pair03_vSYYZ217_vFG230.png,13.890780448913574,9.924331665039062,8.918128967285156,10.911080360412598
4,baseline,ok,/DATA/yantongliu/PSGAN-ours/PSGAN-spiga/assets/images/makeup/vFG251.png,/DATA/yantongliu/PSGAN-ours/PSGAN-spiga/results/baseline_updated30/pair04_result.png,5.165299415588379,6.889451026916504,4.089379787445068,5.38137674331665
4,ours,ok,/DATA/yantongliu/PSGAN-ours/PSGAN-spiga/assets/images/makeup/vFG251.png,/DATA/yantongliu/PSGAN-ours/PSGAN-spiga/results/ours_updated30/pair04_result.png,8.258170127868652,7.514950275421143,7.703492641448975,7.82553768157959
4,stablemakeup,ok,/DATA/yantongliu/PSGAN-ours/PSGAN-spiga/assets/images/makeup/vFG251.png,/DATA/yantongliu/PSGAN-ours/PSGAN-spiga/results/stablemakeup_updated30/pair04_vSYYZ253_vFG251.png,13.595086097717285,12.659204483032227,13.467692375183105,13.240660985310873
5,baseline,ok,/DATA/yantongliu/PSGAN-ours/PSGAN-spiga/assets/images/makeup/vFG325.png,/DATA/yantongliu/PSGAN-ours/PSGAN-spiga/results/baseline_updated30/pair05_result.png,6.095125198364258,13.478520393371582,3.7713749408721924,7.781673510869344
5,ours,ok,/DATA/yantongliu/PSGAN-ours/PSGAN-spiga/assets/images/makeup/vFG325.png,/DATA/yantongliu/PSGAN-ours/PSGAN-spiga/results/ours_updated30/pair05_result.png,5.563867568969727,8.608142852783203,2.846294641494751,5.6727683544158936
5,stablemakeup,ok,/DATA/yantongliu/PSGAN-ours/PSGAN-spiga/assets/images/makeup/vFG325.png,/DATA/yantongliu/PSGAN-ours/PSGAN-spiga/results/stablemakeup_updated30/pair05_vSYYZ38_vFG325.png,2.6022531986236572,4.554688453674316,4.058332920074463,3.738424857457479
6,baseline,ok,/DATA/yantongliu/PSGAN-ours/PSGAN-spiga/assets/images/makeup/vFG332.png,/DATA/yantongliu/PSGAN-ours/PSGAN-spiga/results/baseline_updated30/pair06_result.png,4.3075690269470215,9.548808097839355,5.720066547393799,6.525481224060059
6,ours,ok,/DATA/yantongliu/PSGAN-ours/PSGAN-spiga/assets/images/makeup/vFG332.png,/DATA/yantongliu/PSGAN-ours/PSGAN-spiga/results/ours_updated30/pair06_result.png,9.296937942504883,14.522004127502441,6.573627948760986,10.13085667292277
6,stablemakeup,ok,/DATA/yantongliu/PSGAN-ours/PSGAN-spiga/assets/images/makeup/vFG332.png,/DATA/yantongliu/PSGAN-ours/PSGAN-spiga/results/stablemakeup_updated30/pair06_vSYYZ48_vFG332.png,11.68038558959961,10.185651779174805,11.137615203857422,11.001217524210611
7,baseline,ok,/DATA/yantongliu/PSGAN-ours/PSGAN-spiga/assets/images/makeup/vFG403.png,/DATA/yantongliu/PSGAN-ours/PSGAN-spiga/results/baseline_updated30/pair07_result.png,7.944413661956787,10.355916976928711,4.013288974761963,7.437873204549153
7,ours,ok,/DATA/yantongliu/PSGAN-ours/PSGAN-spiga/assets/images/makeup/vFG403.png,/DATA/yantongliu/PSGAN-ours/PSGAN-spiga/results/ours_updated30/pair07_result.png,6.280052185058594,8.746798515319824,2.653614044189453,5.89348824818929
7,stablemakeup,ok,/DATA/yantongliu/PSGAN-ours/PSGAN-spiga/assets/images/makeup/vFG403.png,/DATA/yantongliu/PSGAN-ours/PSGAN-spiga/results/stablemakeup_updated30/pair07_vSYYZ551_vFG403.png,2.7556729316711426,6.609698295593262,2.792414426803589,4.052595218022664
8,baseline,ok,/DATA/yantongliu/PSGAN-ours/PSGAN-spiga/assets/images/makeup/vFG449.png,/DATA/yantongliu/PSGAN-ours/PSGAN-spiga/results/baseline_updated30/pair08_result.png,4.6100029945373535,15.919528007507324,3.398499011993408,7.976010004679362
8,ours,ok,/DATA/yantongliu/PSGAN-ours/PSGAN-spiga/assets/images/makeup/vFG449.png,/DATA/yantongliu/PSGAN-ours/PSGAN-spiga/results/ours_updated30/pair08_result.png,6.140661239624023,8.636704444885254,1.8685694932937622,5.54864505926768
8,stablemakeup,ok,/DATA/yantongliu/PSGAN-ours/PSGAN-spiga/assets/images/makeup/vFG449.png,/DATA/yantongliu/PSGAN-ours/PSGAN-spiga/results/stablemakeup_updated30/pair08_vSYYZ683_vFG449.png,2.3977763652801514,4.764896869659424,2.999598503112793,3.3874239126841226
9,baseline,ok,/DATA/yantongliu/PSGAN-ours/PSGAN-spiga/assets/images/makeup/vFG581.png,/DATA/yantongliu/PSGAN-ours/PSGAN-spiga/results/baseline_updated30/pair09_result.png,6.940489292144775,17.075220108032227,5.848166465759277,9.954625288645426
9,ours,ok,/DATA/yantongliu/PSGAN-ours/PSGAN-spiga/assets/images/makeup/vFG581.png,/DATA/yantongliu/PSGAN-ours/PSGAN-spiga/results/ours_updated30/pair09_result.png,7.971811294555664,3.6707687377929688,5.42747688293457,5.690018971761067
9,stablemakeup,ok,/DATA/yantongliu/PSGAN-ours/PSGAN-spiga/assets/images/makeup/vFG581.png,/DATA/yantongliu/PSGAN-ours/PSGAN-spiga/results/stablemakeup_updated30/pair09_vSYYZ761_vFG581.png,8.00012493133545,9.191988945007324,6.650457382202148,7.947523752848308
10,baseline,ok,/DATA/yantongliu/PSGAN-ours/PSGAN-spiga/assets/images/makeup/vFG587.png,/DATA/yantongliu/PSGAN-ours/PSGAN-spiga/results/baseline_updated30/pair10_result.png,5.008362293243408,6.070608615875244,7.621997356414795,6.233656088511149
10,ours,ok,/DATA/yantongliu/PSGAN-ours/PSGAN-spiga/assets/images/makeup/vFG587.png,/DATA/yantongliu/PSGAN-ours/PSGAN-spiga/results/ours_updated30/pair10_result.png,1.4544037580490112,15.405691146850586,3.773958444595337,6.878017783164978
10,stablemakeup,ok,/DATA/yantongliu/PSGAN-ours/PSGAN-spiga/assets/images/makeup/vFG587.png,/DATA/yantongliu/PSGAN-ours/PSGAN-spiga/results/stablemakeup_updated30/pair10_vSYYZ769_vFG587.png,7.426453113555908,11.288379669189453,3.2439308166503906,7.319587866465251
11,baseline,ok,/DATA/yantongliu/PSGAN-ours/PSGAN-spiga/assets/images/makeup/vFG639.png,/DATA/yantongliu/PSGAN-ours/PSGAN-spiga/results/baseline_updated30/pair11_result.png,4.839032173156738,10.959819793701172,1.5479053258895874,5.7822524309158325
11,ours,ok,/DATA/yantongliu/PSGAN-ours/PSGAN-spiga/assets/images/makeup/vFG639.png,/DATA/yantongliu/PSGAN-ours/PSGAN-spiga/results/ours_updated30/pair11_result.png,3.096874237060547,4.632784843444824,2.715386390686035,3.4816818237304688
11,stablemakeup,ok,/DATA/yantongliu/PSGAN-ours/PSGAN-spiga/assets/images/makeup/vFG639.png,/DATA/yantongliu/PSGAN-ours/PSGAN-spiga/results/stablemakeup_updated30/pair11_vSYYZ790_vFG639.png,8.286282539367676,5.311403274536133,7.190816402435303,6.929500738779704
12,baseline,ok,/DATA/yantongliu/PSGAN-ours/PSGAN-spiga/assets/images/makeup/vFG651.png,/DATA/yantongliu/PSGAN-ours/PSGAN-spiga/results/baseline_updated30/pair12_result.png,7.56504487991333,13.848947525024414,8.25153636932373,9.888509591420492
12,ours,ok,/DATA/yantongliu/PSGAN-ours/PSGAN-spiga/assets/images/makeup/vFG651.png,/DATA/yantongliu/PSGAN-ours/PSGAN-spiga/results/ours_updated30/pair12_result.png,9.287336349487305,14.643887519836426,7.521560192108154,10.484261353810629
12,stablemakeup,ok,/DATA/yantongliu/PSGAN-ours/PSGAN-spiga/assets/images/makeup/vFG651.png,/DATA/yantongliu/PSGAN-ours/PSGAN-spiga/results/stablemakeup_updated30/pair12_vSYYZ850_vFG651.png,7.829440116882324,12.637826919555664,6.840643882751465,9.10263697306315
13,baseline,ok,/DATA/yantongliu/PSGAN-ours/PSGAN-spiga/assets/images/makeup/vFG844.png,/DATA/yantongliu/PSGAN-ours/PSGAN-spiga/results/baseline_updated30/pair13_result.png,1.148030400276184,21.728181838989258,4.076141357421875,8.984117865562439
13,ours,ok,/DATA/yantongliu/PSGAN-ours/PSGAN-spiga/assets/images/makeup/vFG844.png,/DATA/yantongliu/PSGAN-ours/PSGAN-spiga/results/ours_updated30/pair13_result.png,6.039350986480713,12.071488380432129,4.319408416748047,7.476749261220296
13,stablemakeup,ok,/DATA/yantongliu/PSGAN-ours/PSGAN-spiga/assets/images/makeup/vFG844.png,/DATA/yantongliu/PSGAN-ours/PSGAN-spiga/results/stablemakeup_updated30/pair13_vSYYZ861_vFG844.png,8.009319305419922,9.724539756774902,7.071939945220947,8.26859966913859
14,baseline,ok,/DATA/yantongliu/PSGAN-ours/PSGAN-spiga/assets/images/makeup/vFG98.png,/DATA/yantongliu/PSGAN-ours/PSGAN-spiga/results/baseline_updated30/pair14_result.png,4.248112201690674,2.534360408782959,3.4569783210754395,3.4131503105163574
14,ours,ok,/DATA/yantongliu/PSGAN-ours/PSGAN-spiga/assets/images/makeup/vFG98.png,/DATA/yantongliu/PSGAN-ours/PSGAN-spiga/results/ours_updated30/pair14_result.png,3.96519136428833,15.040968894958496,3.4629979133605957,7.489719390869141
14,stablemakeup,ok,/DATA/yantongliu/PSGAN-ours/PSGAN-spiga/assets/images/makeup/vFG98.png,/DATA/yantongliu/PSGAN-ours/PSGAN-spiga/results/stablemakeup_updated30/pair14_vSYYZ880_vFG98.png,10.132030487060547,13.213557243347168,6.359593868255615,9.901727199554443
15,baseline,ok,/DATA/yantongliu/PSGAN-ours/PSGAN-spiga/assets/images/makeup/vHX109.png,/DATA/yantongliu/PSGAN-ours/PSGAN-spiga/results/baseline_updated30/pair15_result.png,6.759151935577393,17.6932315826416,6.311276435852051,10.254553318023682
15,ours,ok,/DATA/yantongliu/PSGAN-ours/PSGAN-spiga/assets/images/makeup/vHX109.png,/DATA/yantongliu/PSGAN-ours/PSGAN-spiga/results/ours_updated30/pair15_result.png,6.895292282104492,7.815687656402588,6.830560207366943,7.180513381958008
15,stablemakeup,ok,/DATA/yantongliu/PSGAN-ours/PSGAN-spiga/assets/images/makeup/vHX109.png,/DATA/yantongliu/PSGAN-ours/PSGAN-spiga/results/stablemakeup_updated30/pair15_vSYYZ953_vHX109.png,2.369985818862915,2.9259402751922607,2.184014320373535,2.493313471476237
16,baseline,ok,/DATA/yantongliu/PSGAN-ours/PSGAN-spiga/assets/images/makeup/08d07734712422248a6af552f03453ea.png,/DATA/yantongliu/PSGAN-ours/PSGAN-spiga/results/baseline_updated30/pair16_result.png,8.123440742492676,9.286510467529297,5.034585952758789,7.481512387593587
16,ours,ok,/DATA/yantongliu/PSGAN-ours/PSGAN-spiga/assets/images/makeup/08d07734712422248a6af552f03453ea.png,/DATA/yantongliu/PSGAN-ours/PSGAN-spiga/results/ours_updated30/pair16_result.png,11.305614471435547,8.907060623168945,5.160951614379883,8.457875569661459
16,stablemakeup,ok,/DATA/yantongliu/PSGAN-ours/PSGAN-spiga/assets/images/makeup/08d07734712422248a6af552f03453ea.png,/DATA/yantongliu/PSGAN-ours/PSGAN-spiga/results/stablemakeup_updated30/pair16_XMY-176_08d07734712422248a6af552f03453ea.png,4.064288139343262,4.084253787994385,3.2073893547058105,3.785310427347819
17,baseline,ok,/DATA/yantongliu/PSGAN-ours/PSGAN-spiga/assets/images/makeup/0d384dbbcc121ca5049c423f81c26e6a.png,/DATA/yantongliu/PSGAN-ours/PSGAN-spiga/results/baseline_updated30/pair17_result.png,6.738341808319092,10.46265983581543,2.8077423572540283,6.669581333796184
17,ours,ok,/DATA/yantongliu/PSGAN-ours/PSGAN-spiga/assets/images/makeup/0d384dbbcc121ca5049c423f81c26e6a.png,/DATA/yantongliu/PSGAN-ours/PSGAN-spiga/results/ours_updated30/pair17_result.png,5.659106731414795,4.50974178314209,4.79753303527832,4.988793849945068
17,stablemakeup,ok,/DATA/yantongliu/PSGAN-ours/PSGAN-spiga/assets/images/makeup/0d384dbbcc121ca5049c423f81c26e6a.png,/DATA/yantongliu/PSGAN-ours/PSGAN-spiga/results/stablemakeup_updated30/pair17_xfsy_0037_0d384dbbcc121ca5049c423f81c26e6a.png,7.214590072631836,11.691880226135254,4.848210334777832,7.918226877848308
18,baseline,ok,/DATA/yantongliu/PSGAN-ours/PSGAN-spiga/assets/images/makeup/73f84e0462a6d0331f31f545cf87dae5.png,/DATA/yantongliu/PSGAN-ours/PSGAN-spiga/results/baseline_updated30/pair18_result.png,3.7893545627593994,16.55484390258789,4.976635932922363,8.440278132756552
18,ours,ok,/DATA/yantongliu/PSGAN-ours/PSGAN-spiga/assets/images/makeup/73f84e0462a6d0331f31f545cf87dae5.png,/DATA/yantongliu/PSGAN-ours/PSGAN-spiga/results/ours_updated30/pair18_result.png,5.529324054718018,22.600942611694336,1.212206482887268,9.780824383099874
18,stablemakeup,ok,/DATA/yantongliu/PSGAN-ours/PSGAN-spiga/assets/images/makeup/73f84e0462a6d0331f31f545cf87dae5.png,/DATA/yantongliu/PSGAN-ours/PSGAN-spiga/results/stablemakeup_updated30/pair18_xfsy_0086_73f84e0462a6d0331f31f545cf87dae5.png,8.539685249328613,9.602618217468262,7.877553462982178,8.673285643259684
19,baseline,ok,/DATA/yantongliu/PSGAN-ours/PSGAN-spiga/assets/images/makeup/74a81ed20e457944b5273367cc969299.png,/DATA/yantongliu/PSGAN-ours/PSGAN-spiga/results/baseline_updated30/pair19_result.png,5.777064323425293,25.521682739257812,2.5300917625427246,11.27627960840861
19,ours,ok,/DATA/yantongliu/PSGAN-ours/PSGAN-spiga/assets/images/makeup/74a81ed20e457944b5273367cc969299.png,/DATA/yantongliu/PSGAN-ours/PSGAN-spiga/results/ours_updated30/pair19_result.png,5.966616630554199,10.695812225341797,2.7961843013763428,6.486204385757446
19,stablemakeup,ok,/DATA/yantongliu/PSGAN-ours/PSGAN-spiga/assets/images/makeup/74a81ed20e457944b5273367cc969299.png,/DATA/yantongliu/PSGAN-ours/PSGAN-spiga/results/stablemakeup_updated30/pair19_xfsy_0103_74a81ed20e457944b5273367cc969299.png,5.707311153411865,5.269772052764893,8.306925773620605,6.428002993265788
20,baseline,ok,/DATA/yantongliu/PSGAN-ours/PSGAN-spiga/assets/images/makeup/8ed6feb8f72b89632d02fbafcc2511a9.png,/DATA/yantongliu/PSGAN-ours/PSGAN-spiga/results/baseline_updated30/pair20_result.png,7.948389530181885,7.200064659118652,1.0041184425354004,5.3841908772786455
20,ours,ok,/DATA/yantongliu/PSGAN-ours/PSGAN-spiga/assets/images/makeup/8ed6feb8f72b89632d02fbafcc2511a9.png,/DATA/yantongliu/PSGAN-ours/PSGAN-spiga/results/ours_updated30/pair20_result.png,10.254341125488281,5.001741886138916,4.757430553436279,6.671171188354492
20,stablemakeup,ok,/DATA/yantongliu/PSGAN-ours/PSGAN-spiga/assets/images/makeup/8ed6feb8f72b89632d02fbafcc2511a9.png,/DATA/yantongliu/PSGAN-ours/PSGAN-spiga/results/stablemakeup_updated30/pair20_xfsy_0106_8ed6feb8f72b89632d02fbafcc2511a9.png,10.052907943725586,7.625106334686279,13.301844596862793,10.326619625091553
21,baseline,ok,/DATA/yantongliu/PSGAN-ours/PSGAN-spiga/assets/images/makeup/9b88951909bde896d18d71c42c2beca1.png,/DATA/yantongliu/PSGAN-ours/PSGAN-spiga/results/baseline_updated30/pair21_result.png,10.972630500793457,18.376829147338867,6.307096004486084,11.885518550872803
21,ours,ok,/DATA/yantongliu/PSGAN-ours/PSGAN-spiga/assets/images/makeup/9b88951909bde896d18d71c42c2beca1.png,/DATA/yantongliu/PSGAN-ours/PSGAN-spiga/results/ours_updated30/pair21_result.png,6.021167755126953,5.266509532928467,2.8401074409484863,4.709261576334636
21,stablemakeup,ok,/DATA/yantongliu/PSGAN-ours/PSGAN-spiga/assets/images/makeup/9b88951909bde896d18d71c42c2beca1.png,/DATA/yantongliu/PSGAN-ours/PSGAN-spiga/results/stablemakeup_updated30/pair21_xfsy_0153_9b88951909bde896d18d71c42c2beca1.png,1.4336225986480713,4.2358808517456055,5.617641925811768,3.7623817920684814
22,baseline,ok,/DATA/yantongliu/PSGAN-ours/PSGAN-spiga/assets/images/makeup/XMY-005.png,/DATA/yantongliu/PSGAN-ours/PSGAN-spiga/results/baseline_updated30/pair22_result.png,5.774345874786377,10.723520278930664,3.675093173980713,6.724319775899251
22,ours,ok,/DATA/yantongliu/PSGAN-ours/PSGAN-spiga/assets/images/makeup/XMY-005.png,/DATA/yantongliu/PSGAN-ours/PSGAN-spiga/results/ours_updated30/pair22_result.png,1.5440634489059448,23.122127532958984,2.9210214614868164,9.195737481117249
22,stablemakeup,ok,/DATA/yantongliu/PSGAN-ours/PSGAN-spiga/assets/images/makeup/XMY-005.png,/DATA/yantongliu/PSGAN-ours/PSGAN-spiga/results/stablemakeup_updated30/pair22_xfsy_0230_XMY-005.png,3.8486409187316895,15.200409889221191,4.185830593109131,7.744960467020671
23,baseline,ok,/DATA/yantongliu/PSGAN-ours/PSGAN-spiga/assets/images/makeup/XMY-014.png,/DATA/yantongliu/PSGAN-ours/PSGAN-spiga/results/baseline_updated30/pair23_result.png,1.3893359899520874,23.634355545043945,1.2725563049316406,8.765415946642557
23,ours,ok,/DATA/yantongliu/PSGAN-ours/PSGAN-spiga/assets/images/makeup/XMY-014.png,/DATA/yantongliu/PSGAN-ours/PSGAN-spiga/results/ours_updated30/pair23_result.png,9.338391304016113,6.566650867462158,2.7197391986846924,6.208260456720988
23,stablemakeup,ok,/DATA/yantongliu/PSGAN-ours/PSGAN-spiga/assets/images/makeup/XMY-014.png,/DATA/yantongliu/PSGAN-ours/PSGAN-spiga/results/stablemakeup_updated30/pair23_xfsy_0260_XMY-014.png,2.7631592750549316,3.9580109119415283,2.042327404022217,2.921165863672892
24,baseline,ok,/DATA/yantongliu/PSGAN-ours/PSGAN-spiga/assets/images/makeup/XMY-060.png,/DATA/yantongliu/PSGAN-ours/PSGAN-spiga/results/baseline_updated30/pair24_result.png,11.612549781799316,24.358619689941406,2.922884941101074,12.9646848042806
24,ours,ok,/DATA/yantongliu/PSGAN-ours/PSGAN-spiga/assets/images/makeup/XMY-060.png,/DATA/yantongliu/PSGAN-ours/PSGAN-spiga/results/ours_updated30/pair24_result.png,7.703784942626953,8.459318161010742,0.3798215091228485,5.514308204253514
24,stablemakeup,ok,/DATA/yantongliu/PSGAN-ours/PSGAN-spiga/assets/images/makeup/XMY-060.png,/DATA/yantongliu/PSGAN-ours/PSGAN-spiga/results/stablemakeup_updated30/pair24_xfsy_0303_XMY-060.png,9.988389015197754,1.685208797454834,8.946904182434082,6.87350066502889
25,baseline,ok,/DATA/yantongliu/PSGAN-ours/PSGAN-spiga/assets/images/makeup/XMY-402.png,/DATA/yantongliu/PSGAN-ours/PSGAN-spiga/results/baseline_updated30/pair25_result.png,1.676713466644287,19.43181800842285,2.4925119876861572,7.867014487584432
25,ours,ok,/DATA/yantongliu/PSGAN-ours/PSGAN-spiga/assets/images/makeup/XMY-402.png,/DATA/yantongliu/PSGAN-ours/PSGAN-spiga/results/ours_updated30/pair25_result.png,11.401083946228027,8.801490783691406,5.8940300941467285,8.69886827468872
25,stablemakeup,ok,/DATA/yantongliu/PSGAN-ours/PSGAN-spiga/assets/images/makeup/XMY-402.png,/DATA/yantongliu/PSGAN-ours/PSGAN-spiga/results/stablemakeup_updated30/pair25_xfsy_0383_XMY-402.png,16.123685836791992,13.446249008178711,16.406551361083984,15.325495402018229
26,baseline,ok,/DATA/yantongliu/PSGAN-ours/PSGAN-spiga/assets/images/makeup/XYH-005.png,/DATA/yantongliu/PSGAN-ours/PSGAN-spiga/results/baseline_updated30/pair26_result.png,8.713394165039062,7.600474834442139,4.573431491851807,6.962433497111003
26,ours,ok,/DATA/yantongliu/PSGAN-ours/PSGAN-spiga/assets/images/makeup/XYH-005.png,/DATA/yantongliu/PSGAN-ours/PSGAN-spiga/results/ours_updated30/pair26_result.png,2.9714953899383545,8.26725959777832,2.248960494995117,4.495905160903931
26,stablemakeup,ok,/DATA/yantongliu/PSGAN-ours/PSGAN-spiga/assets/images/makeup/XYH-005.png,/DATA/yantongliu/PSGAN-ours/PSGAN-spiga/results/stablemakeup_updated30/pair26_xfsy_0417_XYH-005.png,4.615678787231445,11.684446334838867,5.517422199249268,7.272515773773193
27,baseline,ok,/DATA/yantongliu/PSGAN-ours/PSGAN-spiga/assets/images/makeup/XYH-049.png,/DATA/yantongliu/PSGAN-ours/PSGAN-spiga/results/baseline_updated30/pair27_result.png,8.043342590332031,15.085355758666992,2.9491426944732666,8.69261368115743
27,ours,ok,/DATA/yantongliu/PSGAN-ours/PSGAN-spiga/assets/images/makeup/XYH-049.png,/DATA/yantongliu/PSGAN-ours/PSGAN-spiga/results/ours_updated30/pair27_result.png,6.29308557510376,13.738263130187988,3.670799732208252,7.900716145833333
27,stablemakeup,ok,/DATA/yantongliu/PSGAN-ours/PSGAN-spiga/assets/images/makeup/XYH-049.png,/DATA/yantongliu/PSGAN-ours/PSGAN-spiga/results/stablemakeup_updated30/pair27_xfsy_0441_XYH-049.png,11.328241348266602,9.225442886352539,11.610145568847656,10.7212766011556
28,baseline,ok,/DATA/yantongliu/PSGAN-ours/PSGAN-spiga/assets/images/makeup/af0133cb94d36f4ab6fd45bb08a12d63.png,/DATA/yantongliu/PSGAN-ours/PSGAN-spiga/results/baseline_updated30/pair28_result.png,4.3665666580200195,13.711267471313477,5.795138835906982,7.957657655080159
28,ours,ok,/DATA/yantongliu/PSGAN-ours/PSGAN-spiga/assets/images/makeup/af0133cb94d36f4ab6fd45bb08a12d63.png,/DATA/yantongliu/PSGAN-ours/PSGAN-spiga/results/ours_updated30/pair28_result.png,12.601019859313965,22.873498916625977,3.808562755584717,13.094360510508219
28,stablemakeup,ok,/DATA/yantongliu/PSGAN-ours/PSGAN-spiga/assets/images/makeup/af0133cb94d36f4ab6fd45bb08a12d63.png,/DATA/yantongliu/PSGAN-ours/PSGAN-spiga/results/stablemakeup_updated30/pair28_xfsy_0474_af0133cb94d36f4ab6fd45bb08a12d63.png,5.018683433532715,7.131069183349609,4.911938667297363,5.6872304280598955
29,baseline,ok,/DATA/yantongliu/PSGAN-ours/PSGAN-spiga/assets/images/makeup/b41f1f7fd71a2744bd9c2fcfe55e12b6.png,/DATA/yantongliu/PSGAN-ours/PSGAN-spiga/results/baseline_updated30/pair29_result.png,7.822024345397949,34.79746627807617,5.613799095153809,16.077763239542644
29,ours,ok,/DATA/yantongliu/PSGAN-ours/PSGAN-spiga/assets/images/makeup/b41f1f7fd71a2744bd9c2fcfe55e12b6.png,/DATA/yantongliu/PSGAN-ours/PSGAN-spiga/results/ours_updated30/pair29_result.png,5.9111409187316895,24.106565475463867,3.1899049282073975,11.069203774134317
29,stablemakeup,ok,/DATA/yantongliu/PSGAN-ours/PSGAN-spiga/assets/images/makeup/b41f1f7fd71a2744bd9c2fcfe55e12b6.png,/DATA/yantongliu/PSGAN-ours/PSGAN-spiga/results/stablemakeup_updated30/pair29_xfsy_0481_b41f1f7fd71a2744bd9c2fcfe55e12b6.png,2.798553466796875,7.228144645690918,6.044307231903076,5.357001781463623
30,baseline,ok,/DATA/yantongliu/PSGAN-ours/PSGAN-spiga/assets/images/makeup/retertet.png,/DATA/yantongliu/PSGAN-ours/PSGAN-spiga/results/baseline_updated30/pair30_result.png,5.867788791656494,24.434871673583984,8.982416152954102,13.095025539398193
30,ours,ok,/DATA/yantongliu/PSGAN-ours/PSGAN-spiga/assets/images/makeup/retertet.png,/DATA/yantongliu/PSGAN-ours/PSGAN-spiga/results/ours_updated30/pair30_result.png,7.559090614318848,16.41020965576172,8.376778602600098,10.782026290893555
30,stablemakeup,ok,/DATA/yantongliu/PSGAN-ours/PSGAN-spiga/assets/images/makeup/retertet.png,/DATA/yantongliu/PSGAN-ours/PSGAN-spiga/results/stablemakeup_updated30/pair30_xfsy_0520_retertet.png,2.8605613708496094,10.64289379119873,5.70913553237915,6.404196898142497
