pair_id,method,status,reference_path,output_path,iou_lip,dice_lip,iou_eye,dice_eye,iou_makeup,dice_makeup
1,baseline,ok,/DATA/yantongliu/PSGAN-ours/PSGAN-spiga/assets/images/makeup/vFG11.png,/DATA/yantongliu/PSGAN-ours/PSGAN-spiga/results/baseline_updated30/pair01_result.png,0.2015886854596532,0.33553692357304093,0.0008181966944853543,0.0016350555918901242,0.0927478376580173,0.1697515830491963
1,ours,ok,/DATA/yantongliu/PSGAN-ours/PSGAN-spiga/assets/images/makeup/vFG11.png,/DATA/yantongliu/PSGAN-ours/PSGAN-spiga/results/ours_updated30/pair01_result.png,0.19972944245820853,0.3329574742268041,0.000661320988674878,0.001321767864518794,0.09244408803350262,0.16924268993923575
1,stablemakeup,ok,/DATA/yantongliu/PSGAN-ours/PSGAN-spiga/assets/images/makeup/vFG11.png,/DATA/yantongliu/PSGAN-ours/PSGAN-spiga/results/stablemakeup_updated30/pair01_vSYYZ17_vFG11.png,0.6800766283524904,0.8095781071835804,0.2153674832962138,0.3544071834341213,0.41538754281364965,0.5869594443199642
2,baseline,ok,/DATA/yantongliu/PSGAN-ours/PSGAN-spiga/assets/images/makeup/vFG122.png,/DATA/yantongliu/PSGAN-ours/PSGAN-spiga/results/baseline_updated30/pair02_result.png,0.4571114369501466,0.6274213836477988,0.25853837679030484,0.4108549751969653,0.33805504587155966,0.5052931819428446
2,ours,ok,/DATA/yantongliu/PSGAN-ours/PSGAN-spiga/assets/images/makeup/vFG122.png,/DATA/yantongliu/PSGAN-ours/PSGAN-spiga/results/ours_updated30/pair02_result.png,0.46838276440962506,0.6379573170731707,0.2582619339045288,0.41050583657587547,0.3415120833641268,0.5091449977963861
2,stablemakeup,ok,/DATA/yantongliu/PSGAN-ours/PSGAN-spiga/assets/images/makeup/vFG122.png,/DATA/yantongliu/PSGAN-ours/PSGAN-spiga/results/stablemakeup_updated30/pair02_vSYYZ173_vFG122.png,0.8626423690205012,0.9262565733153968,0.42184182590233543,0.5933737750816612,0.5841019620996143,0.7374550074105441
3,baseline,ok,/DATA/yantongliu/PSGAN-ours/PSGAN-spiga/assets/images/makeup/vFG230.png,/DATA/yantongliu/PSGAN-ours/PSGAN-spiga/results/baseline_updated30/pair03_result.png,0.3477375236432417,0.5160315232646011,0.010008534409186127,0.019818712551851282,0.12746685558141888,0.2261119339347426
3,ours,ok,/DATA/yantongliu/PSGAN-ours/PSGAN-spiga/assets/images/makeup/vFG230.png,/DATA/yantongliu/PSGAN-ours/PSGAN-spiga/results/ours_updated30/pair03_result.png,0.3369874715261959,0.5040996698967096,0.01159375483073118,0.022921760391198046,0.12608957018334835,0.22394234618977713
3,stablemakeup,ok,/DATA/yantongliu/PSGAN-ours/PSGAN-spiga/assets/images/makeup/vFG230.png,/DATA/yantongliu/PSGAN-ours/PSGAN-spiga/results/stablemakeup_updated30/pair03_vSYYZ217_vFG230.png,0.6231164687112214,0.7678025338575797,0.07746419188066786,0.1437898214426178,0.2539564220183486,0.4050482418034661
4,baseline,ok,/DATA/yantongliu/PSGAN-ours/PSGAN-spiga/assets/images/makeup/vFG251.png,/DATA/yantongliu/PSGAN-ours/PSGAN-spiga/results/baseline_updated30/pair04_result.png,0.4229356023979888,0.5944550149497146,0.39330951607664827,0.5645687645687646,0.4039422543031649,0.575439984180344
4,ours,ok,/DATA/yantongliu/PSGAN-ours/PSGAN-spiga/assets/images/makeup/vFG251.png,/DATA/yantongliu/PSGAN-ours/PSGAN-spiga/results/ours_updated30/pair04_result.png,0.41519331649504565,0.5867655134541461,0.3977392774139024,0.5691179805003401,0.40388694997604874,0.5753838654642944
4,stablemakeup,ok,/DATA/yantongliu/PSGAN-ours/PSGAN-spiga/assets/images/makeup/vFG251.png,/DATA/yantongliu/PSGAN-ours/PSGAN-spiga/results/stablemakeup_updated30/pair04_vSYYZ253_vFG251.png,0.6568843777581642,0.7929151684645093,0.5226558995065052,0.6865055981143194,0.5678911362284355,0.7244012331041024
5,baseline,ok,/DATA/yantongliu/PSGAN-ours/PSGAN-spiga/assets/images/makeup/vFG325.png,/DATA/yantongliu/PSGAN-ours/PSGAN-spiga/results/baseline_updated30/pair05_result.png,0.013714285714285714,0.02705749718151071,0.004958075100255195,0.009867227744322716,0.00856898029134533,0.016992353440951572
5,ours,ok,/DATA/yantongliu/PSGAN-ours/PSGAN-spiga/assets/images/makeup/vFG325.png,/DATA/yantongliu/PSGAN-ours/PSGAN-spiga/results/ours_updated30/pair05_result.png,0.014135369376805613,0.0278766914233391,0.0017443128134312087,0.0034825509685844883,0.006865378875101275,0.013637133660850415
5,stablemakeup,ok,/DATA/yantongliu/PSGAN-ours/PSGAN-spiga/assets/images/makeup/vFG325.png,/DATA/yantongliu/PSGAN-ours/PSGAN-spiga/results/stablemakeup_updated30/pair05_vSYYZ38_vFG325.png,0.7224597841580126,0.8388698427710132,0.5151324085750315,0.6799833541406575,0.5944241102717857,0.7456286021295301
6,baseline,ok,/DATA/yantongliu/PSGAN-ours/PSGAN-spiga/assets/images/makeup/vFG332.png,/DATA/yantongliu/PSGAN-ours/PSGAN-spiga/results/baseline_updated30/pair06_result.png,0.6374464917178485,0.7785860422823369,0.23612737063919456,0.3820437541433848,0.3910887531440891,0.5622772123779511
6,ours,ok,/DATA/yantongliu/PSGAN-ours/PSGAN-spiga/assets/images/makeup/vFG332.png,/DATA/yantongliu/PSGAN-ours/PSGAN-spiga/results/ours_updated30/pair06_result.png,0.6388274336283186,0.7796152548093149,0.23979169132441708,0.3868257756563246,0.39580480069199164,0.5671348894856435
6,stablemakeup,ok,/DATA/yantongliu/PSGAN-ours/PSGAN-spiga/assets/images/makeup/vFG332.png,/DATA/yantongliu/PSGAN-ours/PSGAN-spiga/results/stablemakeup_updated30/pair06_vSYYZ48_vFG332.png,0.8539412673879444,0.921217173822426,0.3868556701030928,0.5578888682401041,0.5737476808905381,0.7291482463896257
7,baseline,ok,/DATA/yantongliu/PSGAN-ours/PSGAN-spiga/assets/images/makeup/vFG403.png,/DATA/yantongliu/PSGAN-ours/PSGAN-spiga/results/baseline_updated30/pair07_result.png,0.20913181136477255,0.34592061742006613,0.15284757118927972,0.2651652742462768,0.1745643927216614,0.2972410772936282
7,ours,ok,/DATA/yantongliu/PSGAN-ours/PSGAN-spiga/assets/images/makeup/vFG403.png,/DATA/yantongliu/PSGAN-ours/PSGAN-spiga/results/ours_updated30/pair07_result.png,0.2222222222222222,0.36363636363636365,0.18197082589988456,0.3079108585634378,0.19742711228909432,0.32975219996760785
7,stablemakeup,ok,/DATA/yantongliu/PSGAN-ours/PSGAN-spiga/assets/images/makeup/vFG403.png,/DATA/yantongliu/PSGAN-ours/PSGAN-spiga/results/stablemakeup_updated30/pair07_vSYYZ551_vFG403.png,0.7209416380578715,0.8378455400398974,0.4280838615309605,0.599522021167634,0.5253216088584921,0.688801110280773
8,baseline,ok,/DATA/yantongliu/PSGAN-ours/PSGAN-spiga/assets/images/makeup/vFG449.png,/DATA/yantongliu/PSGAN-ours/PSGAN-spiga/results/baseline_updated30/pair08_result.png,0.2783262118756446,0.4354541263254956,0.26563349646547035,0.4197636949516649,0.27172452803507036,0.42733236962081617
8,ours,ok,/DATA/yantongliu/PSGAN-ours/PSGAN-spiga/assets/images/makeup/vFG449.png,/DATA/yantongliu/PSGAN-ours/PSGAN-spiga/results/ours_updated30/pair08_result.png,0.23620309050772628,0.3821428571428571,0.26877363587250136,0.42367468596976793,0.2531868441439538,0.4040687872316511
8,stablemakeup,ok,/DATA/yantongliu/PSGAN-ours/PSGAN-spiga/assets/images/makeup/vFG449.png,/DATA/yantongliu/PSGAN-ours/PSGAN-spiga/results/stablemakeup_updated30/pair08_vSYYZ683_vFG449.png,0.6414267834793492,0.781547845977888,0.33529864137400667,0.5022077174121713,0.4518100984439505,0.6224093618417456
9,baseline,ok,/DATA/yantongliu/PSGAN-ours/PSGAN-spiga/assets/images/makeup/vFG581.png,/DATA/yantongliu/PSGAN-ours/PSGAN-spiga/results/baseline_updated30/pair09_result.png,0.6412485183721849,0.7814155031295137,0.22360655737704918,0.3654876741693462,0.3723613847452857,0.5426579163248565
9,ours,ok,/DATA/yantongliu/PSGAN-ours/PSGAN-spiga/assets/images/makeup/vFG581.png,/DATA/yantongliu/PSGAN-ours/PSGAN-spiga/results/ours_updated30/pair09_result.png,0.6910266457680251,0.8172865253157224,0.25186255976870897,0.40238052940131463,0.4108675604738597,0.5824325003770928
9,stablemakeup,ok,/DATA/yantongliu/PSGAN-ours/PSGAN-spiga/assets/images/makeup/vFG581.png,/DATA/yantongliu/PSGAN-ours/PSGAN-spiga/results/stablemakeup_updated30/pair09_vSYYZ761_vFG581.png,0.6999258160237388,0.823478071132446,0.2034109816971714,0.3380573798824749,0.38179637526652455,0.5526087375831806
10,baseline,ok,/DATA/yantongliu/PSGAN-ours/PSGAN-spiga/assets/images/makeup/vFG587.png,/DATA/yantongliu/PSGAN-ours/PSGAN-spiga/results/baseline_updated30/pair10_result.png,0.43648351648351646,0.6077111383108935,0.3542713567839196,0.5231910946196661,0.3793797825211438,0.55007299270073
10,ours,ok,/DATA/yantongliu/PSGAN-ours/PSGAN-spiga/assets/images/makeup/vFG587.png,/DATA/yantongliu/PSGAN-ours/PSGAN-spiga/results/ours_updated30/pair10_result.png,0.43087971274685816,0.6022584692597239,0.3828934506353861,0.5537569802785043,0.39745335693858097,0.5688252204843347
10,stablemakeup,ok,/DATA/yantongliu/PSGAN-ours/PSGAN-spiga/assets/images/makeup/vFG587.png,/DATA/yantongliu/PSGAN-ours/PSGAN-spiga/results/stablemakeup_updated30/pair10_vSYYZ769_vFG587.png,0.7374301675977654,0.8488745980707395,0.4860162254483348,0.6541196753106817,0.5604238689313091,0.7182969705726533
11,baseline,ok,/DATA/yantongliu/PSGAN-ours/PSGAN-spiga/assets/images/makeup/vFG639.png,/DATA/yantongliu/PSGAN-ours/PSGAN-spiga/results/baseline_updated30/pair11_result.png,0.4963814939260791,0.663442438898005,0.0,0.0,0.20153208457946378,0.3354585152838428
11,ours,ok,/DATA/yantongliu/PSGAN-ours/PSGAN-spiga/assets/images/makeup/vFG639.png,/DATA/yantongliu/PSGAN-ours/PSGAN-spiga/results/ours_updated30/pair11_result.png,0.5111950013017443,0.6765440606426049,0.0,0.0,0.20629333893675142,0.34202848059922486
11,stablemakeup,ok,/DATA/yantongliu/PSGAN-ours/PSGAN-spiga/assets/images/makeup/vFG639.png,/DATA/yantongliu/PSGAN-ours/PSGAN-spiga/results/stablemakeup_updated30/pair11_vSYYZ790_vFG639.png,0.42020650895307804,0.5917540953432726,0.00687108133642532,0.0136483835195769,0.17077848035658755,0.2917349152242242
12,baseline,ok,/DATA/yantongliu/PSGAN-ours/PSGAN-spiga/assets/images/makeup/vFG651.png,/DATA/yantongliu/PSGAN-ours/PSGAN-spiga/results/baseline_updated30/pair12_result.png,0.7335733573357336,0.8463136033229491,0.5735222276502199,0.7289661595777709,0.6407179971658007,0.781021477514827
12,ours,ok,/DATA/yantongliu/PSGAN-ours/PSGAN-spiga/assets/images/makeup/vFG651.png,/DATA/yantongliu/PSGAN-ours/PSGAN-spiga/results/ours_updated30/pair12_result.png,0.7372082585278277,0.8487275545795117,0.5576863594184968,0.7160444797458301,0.6309284013916865,0.7737045977656768
12,stablemakeup,ok,/DATA/yantongliu/PSGAN-ours/PSGAN-spiga/assets/images/makeup/vFG651.png,/DATA/yantongliu/PSGAN-ours/PSGAN-spiga/results/stablemakeup_updated30/pair12_vSYYZ850_vFG651.png,0.8429715302491103,0.9147960415158098,0.5900680056934999,0.7421921623234533,0.695165911821795,0.8201744820065431
13,baseline,ok,/DATA/yantongliu/PSGAN-ours/PSGAN-spiga/assets/images/makeup/vFG844.png,/DATA/yantongliu/PSGAN-ours/PSGAN-spiga/results/baseline_updated30/pair13_result.png,0.7044912559618441,0.826629357584237,0.25236414961185605,0.4030203989631466,0.4401254435916481,0.6112320916905444
13,ours,ok,/DATA/yantongliu/PSGAN-ours/PSGAN-spiga/assets/images/makeup/vFG844.png,/DATA/yantongliu/PSGAN-ours/PSGAN-spiga/results/ours_updated30/pair13_result.png,0.6977334896443923,0.8219587984808379,0.2650652596500972,0.41905389090110856,0.4448051948051948,0.6157303370786517
13,stablemakeup,ok,/DATA/yantongliu/PSGAN-ours/PSGAN-spiga/assets/images/makeup/vFG844.png,/DATA/yantongliu/PSGAN-ours/PSGAN-spiga/results/stablemakeup_updated30/pair13_vSYYZ861_vFG844.png,0.6858355847163258,0.8136446886446886,0.29123843782117165,0.4510993930952144,0.4489433904056764,0.6196838239207964
14,baseline,ok,/DATA/yantongliu/PSGAN-ours/PSGAN-spiga/assets/images/makeup/vFG98.png,/DATA/yantongliu/PSGAN-ours/PSGAN-spiga/results/baseline_updated30/pair14_result.png,0.01753193802663767,0.03445973019901162,0.07320834347861375,0.13642894955758905,0.05239087351999593,0.09956542732979237
14,ours,ok,/DATA/yantongliu/PSGAN-ours/PSGAN-spiga/assets/images/makeup/vFG98.png,/DATA/yantongliu/PSGAN-ours/PSGAN-spiga/results/ours_updated30/pair14_result.png,0.019686621132985135,0.038613081166272656,0.07252657399836468,0.13524433940687658,0.05249530385337869,0.09975399160677247
14,stablemakeup,ok,/DATA/yantongliu/PSGAN-ours/PSGAN-spiga/assets/images/makeup/vFG98.png,/DATA/yantongliu/PSGAN-ours/PSGAN-spiga/results/stablemakeup_updated30/pair14_vSYYZ880_vFG98.png,0.8066528066528067,0.8929804372842347,0.5004376641240466,0.6670555879656638,0.5999155761924863,0.7499340404200306
15,baseline,ok,/DATA/yantongliu/PSGAN-ours/PSGAN-spiga/assets/images/makeup/vHX109.png,/DATA/yantongliu/PSGAN-ours/PSGAN-spiga/results/baseline_updated30/pair15_result.png,0.00022629554197782303,0.00045248868778280545,0.26970550021654394,0.4248315852306643,0.13793294234812437,0.242427189186561
15,ours,ok,/DATA/yantongliu/PSGAN-ours/PSGAN-spiga/assets/images/makeup/vHX109.png,/DATA/yantongliu/PSGAN-ours/PSGAN-spiga/results/ours_updated30/pair15_result.png,0.0044222700986506405,0.008805599458116957,0.30940621227088133,0.47259010896898573,0.15939765755716676,0.27496632672695787
15,stablemakeup,ok,/DATA/yantongliu/PSGAN-ours/PSGAN-spiga/assets/images/makeup/vHX109.png,/DATA/yantongliu/PSGAN-ours/PSGAN-spiga/results/stablemakeup_updated30/pair15_vSYYZ953_vHX109.png,0.6596578025149453,0.7949323065457707,0.4101249178172255,0.5816859380828049,0.507305716120745,0.6731291611185086
16,baseline,ok,/DATA/yantongliu/PSGAN-ours/PSGAN-spiga/assets/images/makeup/08d07734712422248a6af552f03453ea.png,/DATA/yantongliu/PSGAN-ours/PSGAN-spiga/results/baseline_updated30/pair16_result.png,0.04628145913846734,0.08846846846846847,0.039889030516607936,0.0767178599754849,0.04272112252568279,0.08194160759341583
16,ours,ok,/DATA/yantongliu/PSGAN-ours/PSGAN-spiga/assets/images/makeup/08d07734712422248a6af552f03453ea.png,/DATA/yantongliu/PSGAN-ours/PSGAN-spiga/results/ours_updated30/pair16_result.png,0.047408105560791704,0.09052461081616126,0.048452426442491404,0.09242656170274802,0.04798480692129141,0.09157538659793814
16,stablemakeup,ok,/DATA/yantongliu/PSGAN-ours/PSGAN-spiga/assets/images/makeup/08d07734712422248a6af552f03453ea.png,/DATA/yantongliu/PSGAN-ours/PSGAN-spiga/results/stablemakeup_updated30/pair16_XMY-176_08d07734712422248a6af552f03453ea.png,0.7238674563790619,0.8398179960999165,0.4454942718790599,0.6163902279598006,0.5636808481718092,0.7209666203059806
17,baseline,ok,/DATA/yantongliu/PSGAN-ours/PSGAN-spiga/assets/images/makeup/0d384dbbcc121ca5049c423f81c26e6a.png,/DATA/yantongliu/PSGAN-ours/PSGAN-spiga/results/baseline_updated30/pair17_result.png,0.6692456479690522,0.8018539976825029,0.25816615901691,0.41038484013690624,0.4028316656456334,0.5743121937017808
17,ours,ok,/DATA/yantongliu/PSGAN-ours/PSGAN-spiga/assets/images/makeup/0d384dbbcc121ca5049c423f81c26e6a.png,/DATA/yantongliu/PSGAN-ours/PSGAN-spiga/results/ours_updated30/pair17_result.png,0.6787053483323465,0.8086056901011051,0.2555772591754909,0.4071071808728404,0.40050020278491283,0.5719388001351416
17,stablemakeup,ok,/DATA/yantongliu/PSGAN-ours/PSGAN-spiga/assets/images/makeup/0d384dbbcc121ca5049c423f81c26e6a.png,/DATA/yantongliu/PSGAN-ours/PSGAN-spiga/results/stablemakeup_updated30/pair17_xfsy_0037_0d384dbbcc121ca5049c423f81c26e6a.png,0.896964691307041,0.9456841188636116,0.24057008144020575,0.38783795456508596,0.46483245149911817,0.6346561356193412
18,baseline,ok,/DATA/yantongliu/PSGAN-ours/PSGAN-spiga/assets/images/makeup/73f84e0462a6d0331f31f545cf87dae5.png,/DATA/yantongliu/PSGAN-ours/PSGAN-spiga/results/baseline_updated30/pair18_result.png,0.0,0.0,0.07171760654326302,0.13383676092544988,0.03956117021276596,0.07611128877518389
18,ours,ok,/DATA/yantongliu/PSGAN-ours/PSGAN-spiga/assets/images/makeup/73f84e0462a6d0331f31f545cf87dae5.png,/DATA/yantongliu/PSGAN-ours/PSGAN-spiga/results/ours_updated30/pair18_result.png,0.0,0.0,0.07308392650223473,0.13621288083301195,0.04129448627414301,0.07931375190873978
18,stablemakeup,ok,/DATA/yantongliu/PSGAN-ours/PSGAN-spiga/assets/images/makeup/73f84e0462a6d0331f31f545cf87dae5.png,/DATA/yantongliu/PSGAN-ours/PSGAN-spiga/results/stablemakeup_updated30/pair18_xfsy_0086_73f84e0462a6d0331f31f545cf87dae5.png,0.662261657542005,0.7968199886428166,0.10700701546783872,0.19332671604184165,0.27872489490892105,0.43594192311204455
19,baseline,ok,/DATA/yantongliu/PSGAN-ours/PSGAN-spiga/assets/images/makeup/74a81ed20e457944b5273367cc969299.png,/DATA/yantongliu/PSGAN-ours/PSGAN-spiga/results/baseline_updated30/pair19_result.png,0.5191414384110203,0.6834668916069169,0.37749546279491836,0.5480895915678524,0.44628549202644885,0.6171471600688468
19,ours,ok,/DATA/yantongliu/PSGAN-ours/PSGAN-spiga/assets/images/makeup/74a81ed20e457944b5273367cc969299.png,/DATA/yantongliu/PSGAN-ours/PSGAN-spiga/results/ours_updated30/pair19_result.png,0.5176190476190476,0.6821462190147474,0.38575982996811903,0.5567484662576687,0.45022115310002325,0.6208999946492589
19,stablemakeup,ok,/DATA/yantongliu/PSGAN-ours/PSGAN-spiga/assets/images/makeup/74a81ed20e457944b5273367cc969299.png,/DATA/yantongliu/PSGAN-ours/PSGAN-spiga/results/stablemakeup_updated30/pair19_xfsy_0103_74a81ed20e457944b5273367cc969299.png,0.697347338436888,0.8216907908537865,0.4485790547966714,0.6193366572729243,0.5651593525780076,0.7221748400852879
20,baseline,ok,/DATA/yantongliu/PSGAN-ours/PSGAN-spiga/assets/images/makeup/8ed6feb8f72b89632d02fbafcc2511a9.png,/DATA/yantongliu/PSGAN-ours/PSGAN-spiga/results/baseline_updated30/pair20_result.png,0.3309527956801951,0.49731710509095667,0.27454528140177126,0.43081291093843394,0.2944834380002463,0.4549821640903686
20,ours,ok,/DATA/yantongliu/PSGAN-ours/PSGAN-spiga/assets/images/makeup/8ed6feb8f72b89632d02fbafcc2511a9.png,/DATA/yantongliu/PSGAN-ours/PSGAN-spiga/results/ours_updated30/pair20_result.png,0.3284990389655775,0.4945416283046166,0.27375415282392024,0.4298382889932186,0.29302497232131874,0.45323946341927507
20,stablemakeup,ok,/DATA/yantongliu/PSGAN-ours/PSGAN-spiga/assets/images/makeup/8ed6feb8f72b89632d02fbafcc2511a9.png,/DATA/yantongliu/PSGAN-ours/PSGAN-spiga/results/stablemakeup_updated30/pair20_xfsy_0106_8ed6feb8f72b89632d02fbafcc2511a9.png,0.5330078125,0.695375207032743,0.23257056361855577,0.3773748464928123,0.32664668827594645,0.4924396090724691
21,baseline,ok,/DATA/yantongliu/PSGAN-ours/PSGAN-spiga/assets/images/makeup/9b88951909bde896d18d71c42c2beca1.png,/DATA/yantongliu/PSGAN-ours/PSGAN-spiga/results/baseline_updated30/pair21_result.png,0.11373320222877745,0.2042377869334903,0.02893724097098875,0.0562468531971517,0.06917872141857209,0.12940534642662302
21,ours,ok,/DATA/yantongliu/PSGAN-ours/PSGAN-spiga/assets/images/makeup/9b88951909bde896d18d71c42c2beca1.png,/DATA/yantongliu/PSGAN-ours/PSGAN-spiga/results/ours_updated30/pair21_result.png,0.11118335500650195,0.20011702750146285,0.028885423628128015,0.05614896073903002,0.06817740871522254,0.12765184539378088
21,stablemakeup,ok,/DATA/yantongliu/PSGAN-ours/PSGAN-spiga/assets/images/makeup/9b88951909bde896d18d71c42c2beca1.png,/DATA/yantongliu/PSGAN-ours/PSGAN-spiga/results/stablemakeup_updated30/pair21_xfsy_0153_9b88951909bde896d18d71c42c2beca1.png,0.7888452237001209,0.8819602872834812,0.704667492771582,0.826750666343591,0.7447942935369983,0.8537330690452594
22,baseline,ok,/DATA/yantongliu/PSGAN-ours/PSGAN-spiga/assets/images/makeup/XMY-005.png,/DATA/yantongliu/PSGAN-ours/PSGAN-spiga/results/baseline_updated30/pair22_result.png,0.7131162128492614,0.8325368792852691,0.5788355291117722,0.7332436069986541,0.6383498974601672,0.7792595445573155
22,ours,ok,/DATA/yantongliu/PSGAN-ours/PSGAN-spiga/assets/images/makeup/XMY-005.png,/DATA/yantongliu/PSGAN-ours/PSGAN-spiga/results/ours_updated30/pair22_result.png,0.7406945681211042,0.8510333537957847,0.5683664892126646,0.7247878517195177,0.6442405708460754,0.7836329820210788
22,stablemakeup,ok,/DATA/yantongliu/PSGAN-ours/PSGAN-spiga/assets/images/makeup/XMY-005.png,/DATA/yantongliu/PSGAN-ours/PSGAN-spiga/results/stablemakeup_updated30/pair22_xfsy_0230_XMY-005.png,0.6974544203646371,0.8217651231127774,0.6551575312904618,0.7916558018252934,0.6744222483352919,0.8055581547674745
23,baseline,ok,/DATA/yantongliu/PSGAN-ours/PSGAN-spiga/assets/images/makeup/XMY-014.png,/DATA/yantongliu/PSGAN-ours/PSGAN-spiga/results/baseline_updated30/pair23_result.png,0.7473241590214067,0.8553926930649749,0.7482443354975487,0.8559951493102925,0.7478675952734956,0.8557485673352435
23,ours,ok,/DATA/yantongliu/PSGAN-ours/PSGAN-spiga/assets/images/makeup/XMY-014.png,/DATA/yantongliu/PSGAN-ours/PSGAN-spiga/results/ours_updated30/pair23_result.png,0.7980859448301745,0.8877061156334795,0.7292542016806722,0.8434320425208808,0.7575898030127463,0.86207805907173
23,stablemakeup,ok,/DATA/yantongliu/PSGAN-ours/PSGAN-spiga/assets/images/makeup/XMY-014.png,/DATA/yantongliu/PSGAN-ours/PSGAN-spiga/results/stablemakeup_updated30/pair23_xfsy_0260_XMY-014.png,0.7931583134447097,0.8846495119787046,0.7375096079938509,0.8489272284892723,0.7593112046127474,0.8631914610921653
24,baseline,ok,/DATA/yantongliu/PSGAN-ours/PSGAN-spiga/assets/images/makeup/XMY-060.png,/DATA/yantongliu/PSGAN-ours/PSGAN-spiga/results/baseline_updated30/pair24_result.png,0.8790734197094621,0.9356456330965316,0.497386889652083,0.6643398484244116,0.6622847934865576,0.7968367346938775
24,ours,ok,/DATA/yantongliu/PSGAN-ours/PSGAN-spiga/assets/images/makeup/XMY-060.png,/DATA/yantongliu/PSGAN-ours/PSGAN-spiga/results/ours_updated30/pair24_result.png,0.8791511102377677,0.9356896371431559,0.5148411991688928,0.6797295973351621,0.6715988839096981,0.8035407182599899
24,stablemakeup,ok,/DATA/yantongliu/PSGAN-ours/PSGAN-spiga/assets/images/makeup/XMY-060.png,/DATA/yantongliu/PSGAN-ours/PSGAN-spiga/results/stablemakeup_updated30/pair24_xfsy_0303_XMY-060.png,0.8609158274748242,0.9252603634878497,0.5492737111933922,0.7090725250482581,0.6827838827838828,0.8114932520679147
25,baseline,ok,/DATA/yantongliu/PSGAN-ours/PSGAN-spiga/assets/images/makeup/XMY-402.png,/DATA/yantongliu/PSGAN-ours/PSGAN-spiga/results/baseline_updated30/pair25_result.png,0.40325447832626826,0.574741765737673,0.18248175182481752,0.30864197530864196,0.2855137204850032,0.4442017474185862
25,ours,ok,/DATA/yantongliu/PSGAN-ours/PSGAN-spiga/assets/images/makeup/XMY-402.png,/DATA/yantongliu/PSGAN-ours/PSGAN-spiga/results/ours_updated30/pair25_result.png,0.4102249488752556,0.5817865429234339,0.18669553711054973,0.3146477445514445,0.2914749488752556,0.4513830471572072
25,stablemakeup,ok,/DATA/yantongliu/PSGAN-ours/PSGAN-spiga/assets/images/makeup/XMY-402.png,/DATA/yantongliu/PSGAN-ours/PSGAN-spiga/results/stablemakeup_updated30/pair25_xfsy_0383_XMY-402.png,0.5854259744261285,0.7385093771256438,0.19904318267657056,0.33200335993280133,0.3728003325481502,0.5431238960383548
26,baseline,ok,/DATA/yantongliu/PSGAN-ours/PSGAN-spiga/assets/images/makeup/XYH-005.png,/DATA/yantongliu/PSGAN-ours/PSGAN-spiga/results/baseline_updated30/pair26_result.png,0.41799804369090315,0.5895608185789837,0.5560076862213179,0.714659305535377,0.499499365863427,0.66622150997151
26,ours,ok,/DATA/yantongliu/PSGAN-ours/PSGAN-spiga/assets/images/makeup/XYH-005.png,/DATA/yantongliu/PSGAN-ours/PSGAN-spiga/results/ours_updated30/pair26_result.png,0.4293592862935929,0.6007716749886518,0.559620596205962,0.7176368375325803,0.5061580454031023,0.6721181046676096
26,stablemakeup,ok,/DATA/yantongliu/PSGAN-ours/PSGAN-spiga/assets/images/makeup/XYH-005.png,/DATA/yantongliu/PSGAN-ours/PSGAN-spiga/results/stablemakeup_updated30/pair26_xfsy_0417_XYH-005.png,0.7346344803971923,0.8470193446506119,0.4950684059815463,0.6622685677803788,0.5867059593975115,0.739527013083495
27,baseline,ok,/DATA/yantongliu/PSGAN-ours/PSGAN-spiga/assets/images/makeup/XYH-049.png,/DATA/yantongliu/PSGAN-ours/PSGAN-spiga/results/baseline_updated30/pair27_result.png,0.7822847682119205,0.8778448676265675,0.43423423423423424,0.6055276381909548,0.5997637795275591,0.7498154255057341
27,ours,ok,/DATA/yantongliu/PSGAN-ours/PSGAN-spiga/assets/images/makeup/XYH-049.png,/DATA/yantongliu/PSGAN-ours/PSGAN-spiga/results/ours_updated30/pair27_result.png,0.785772690106296,0.88003663003663,0.43769355552278427,0.6088829623551133,0.6027450372208437,0.7521408873191736
27,stablemakeup,ok,/DATA/yantongliu/PSGAN-ours/PSGAN-spiga/assets/images/makeup/XYH-049.png,/DATA/yantongliu/PSGAN-ours/PSGAN-spiga/results/stablemakeup_updated30/pair27_xfsy_0441_XYH-049.png,0.8944707225574947,0.9442961687473095,0.4959617110379898,0.6630673865226955,0.6865881251462901,0.8141740296988481
28,baseline,ok,/DATA/yantongliu/PSGAN-ours/PSGAN-spiga/assets/images/makeup/af0133cb94d36f4ab6fd45bb08a12d63.png,/DATA/yantongliu/PSGAN-ours/PSGAN-spiga/results/baseline_updated30/pair28_result.png,0.37135416666666665,0.5415875427269274,0.2672308069659063,0.4217555405013065,0.31773399014778325,0.4822429906542056
28,ours,ok,/DATA/yantongliu/PSGAN-ours/PSGAN-spiga/assets/images/makeup/af0133cb94d36f4ab6fd45bb08a12d63.png,/DATA/yantongliu/PSGAN-ours/PSGAN-spiga/results/ours_updated30/pair28_result.png,0.36427004001548985,0.5340145709149399,0.26947811031412316,0.4245494398441305,0.31585928124802626,0.48008063741960255
28,stablemakeup,ok,/DATA/yantongliu/PSGAN-ours/PSGAN-spiga/assets/images/makeup/af0133cb94d36f4ab6fd45bb08a12d63.png,/DATA/yantongliu/PSGAN-ours/PSGAN-spiga/results/stablemakeup_updated30/pair28_xfsy_0474_af0133cb94d36f4ab6fd45bb08a12d63.png,0.5429411764705883,0.7037743042317957,0.3295839380745041,0.4957700354771218,0.42586939208919566,0.5973469862694903
29,baseline,ok,/DATA/yantongliu/PSGAN-ours/PSGAN-spiga/assets/images/makeup/b41f1f7fd71a2744bd9c2fcfe55e12b6.png,/DATA/yantongliu/PSGAN-ours/PSGAN-spiga/results/baseline_updated30/pair29_result.png,0.0,0.0,0.17146441764828885,0.29273516986969716,0.11112616885756878,0.2000243932186852
29,ours,ok,/DATA/yantongliu/PSGAN-ours/PSGAN-spiga/assets/images/makeup/b41f1f7fd71a2744bd9c2fcfe55e12b6.png,/DATA/yantongliu/PSGAN-ours/PSGAN-spiga/results/ours_updated30/pair29_result.png,0.0,0.0,0.16918795490224062,0.2894110466890449,0.10862195345427891,0.19595851068225958
29,stablemakeup,ok,/DATA/yantongliu/PSGAN-ours/PSGAN-spiga/assets/images/makeup/b41f1f7fd71a2744bd9c2fcfe55e12b6.png,/DATA/yantongliu/PSGAN-ours/PSGAN-spiga/results/stablemakeup_updated30/pair29_xfsy_0481_b41f1f7fd71a2744bd9c2fcfe55e12b6.png,0.7419603807563674,0.8518682617043273,0.4130849036629261,0.5846568774348216,0.5089627240681017,0.6745862120383717
30,baseline,ok,/DATA/yantongliu/PSGAN-ours/PSGAN-spiga/assets/images/makeup/retertet.png,/DATA/yantongliu/PSGAN-ours/PSGAN-spiga/results/baseline_updated30/pair30_result.png,0.0,0.0,0.039764124631444735,0.07648681790312692,0.022815600566960817,0.04461332141260617
30,ours,ok,/DATA/yantongliu/PSGAN-ours/PSGAN-spiga/assets/images/makeup/retertet.png,/DATA/yantongliu/PSGAN-ours/PSGAN-spiga/results/ours_updated30/pair30_result.png,0.0,0.0,0.036350677120456164,0.07015130674002751,0.0209531635168447,0.04104627766599597
30,stablemakeup,ok,/DATA/yantongliu/PSGAN-ours/PSGAN-spiga/assets/images/makeup/retertet.png,/DATA/yantongliu/PSGAN-ours/PSGAN-spiga/results/stablemakeup_updated30/pair30_xfsy_0520_retertet.png,0.6301342008946726,0.7731071473119621,0.6148208469055375,0.7614725163893091,0.6209506755656845,0.7661561636957067
