pair_id,method,status,image_path,nme_full,nme_jaw,nme_brow,nme_nose,nme_eyes,nme_mouth
1,baseline,ok,/DATA/yantongliu/PSGAN-ours/PSGAN-spiga/results/baseline_updated30/pair01_result.png,0.11051430617371251,0.11657769014575664,0.10309371592210743,0.1094353100059668,0.11044318251573065,0.10959897733550666
1,ours,ok,/DATA/yantongliu/PSGAN-ours/PSGAN-spiga/results/ours_updated30/pair01_result.png,0.11119564028296582,0.11551792921600881,0.10602449365062101,0.11061389772070523,0.10987828641576038,0.11115945987293767
1,stablemakeup,ok,/DATA/yantongliu/PSGAN-ours/PSGAN-spiga/results/stablemakeup_updated30/pair01_vSYYZ17_vFG11.png,0.724007145848142,0.8687665325653171,0.5230772843039511,0.6672184585002668,0.5761491682638341,0.8156961753160791
2,baseline,ok,/DATA/yantongliu/PSGAN-ours/PSGAN-spiga/results/baseline_updated30/pair02_result.png,0.023224530219438336,0.02883455867102306,0.02680060587722873,0.018402529531329686,0.017591949128761723,0.022217417933282742
2,ours,ok,/DATA/yantongliu/PSGAN-ours/PSGAN-spiga/results/ours_updated30/pair02_result.png,0.022405560442536828,0.0228214757612507,0.021855668295027806,0.021092561594264786,0.01960341791132183,0.02459910808186053
2,stablemakeup,ok,/DATA/yantongliu/PSGAN-ours/PSGAN-spiga/results/stablemakeup_updated30/pair02_vSYYZ173_vFG122.png,0.6661287055993012,0.7583383884104934,0.4950875386451092,0.6375120724026948,0.5481544291504298,0.756932938687567
3,baseline,ok,/DATA/yantongliu/PSGAN-ours/PSGAN-spiga/results/baseline_updated30/pair03_result.png,0.02046936060627363,0.018844132148770936,0.020340098939827817,0.020035467631925083,0.018920010170895202,0.023040298248279238
3,ours,ok,/DATA/yantongliu/PSGAN-ours/PSGAN-spiga/results/ours_updated30/pair03_result.png,0.019607282230641315,0.015318660879219287,0.024628246146508263,0.01857143946847655,0.01977073136793689,0.02111018729020507
3,stablemakeup,ok,/DATA/yantongliu/PSGAN-ours/PSGAN-spiga/results/stablemakeup_updated30/pair03_vSYYZ217_vFG230.png,0.6436807320609313,0.7402250438983713,0.459531261757006,0.607721024102225,0.5232462316462286,0.7421353210400454
4,baseline,ok,/DATA/yantongliu/PSGAN-ours/PSGAN-spiga/results/baseline_updated30/pair04_result.png,0.02488834314768886,0.022563403100429924,0.022551412552216904,0.025565938052350523,0.02454243253411973,0.027935639003624124
4,ours,ok,/DATA/yantongliu/PSGAN-ours/PSGAN-spiga/results/ours_updated30/pair04_result.png,0.030661686623564766,0.028651072116759574,0.030239441753831583,0.027034443230673298,0.02491358424795938,0.03766295072974734
4,stablemakeup,ok,/DATA/yantongliu/PSGAN-ours/PSGAN-spiga/results/stablemakeup_updated30/pair04_vSYYZ253_vFG251.png,0.640007173231189,0.7043419615271013,0.46094414725284,0.6331204493349524,0.5200499313151392,0.749927751965606
5,baseline,ok,/DATA/yantongliu/PSGAN-ours/PSGAN-spiga/results/baseline_updated30/pair05_result.png,0.10346132133913546,0.10295123137178674,0.10321644654850254,0.10372022760095696,0.10211158393814962,0.10471067785450867
5,ours,ok,/DATA/yantongliu/PSGAN-ours/PSGAN-spiga/results/ours_updated30/pair05_result.png,0.10260475959355081,0.10178564391229962,0.10478115003888563,0.10170570835558121,0.10539392963369675,0.10094390996864852
5,stablemakeup,ok,/DATA/yantongliu/PSGAN-ours/PSGAN-spiga/results/stablemakeup_updated30/pair05_vSYYZ38_vFG325.png,0.6726128498200712,0.7583729054155627,0.49962798390685936,0.6463733443481308,0.5469783285439903,0.7733977529102
6,baseline,ok,/DATA/yantongliu/PSGAN-ours/PSGAN-spiga/results/baseline_updated30/pair06_result.png,0.024928237850029986,0.026139871973084514,0.028904633785767242,0.022238414971474305,0.029060894654035756,0.02064097571090065
6,ours,ok,/DATA/yantongliu/PSGAN-ours/PSGAN-spiga/results/ours_updated30/pair06_result.png,0.02734313798925174,0.0280021505498185,0.03623605194930566,0.025167292237457707,0.02804707681408907,0.02289329329788187
6,stablemakeup,ok,/DATA/yantongliu/PSGAN-ours/PSGAN-spiga/results/stablemakeup_updated30/pair06_vSYYZ48_vFG332.png,0.657925696925496,0.7501540013721059,0.4872381204092066,0.6254436460932213,0.5398495412235601,0.7503379494993226
7,baseline,ok,/DATA/yantongliu/PSGAN-ours/PSGAN-spiga/results/baseline_updated30/pair07_result.png,0.019358479828402837,0.015939255754455584,0.023353892713830128,0.020139550522232114,0.01937107464087866,0.019908077823968074
7,ours,ok,/DATA/yantongliu/PSGAN-ours/PSGAN-spiga/results/ours_updated30/pair07_result.png,0.021884968844685226,0.021848370141612544,0.01928171365105307,0.02161329541374147,0.01803783204032376,0.025648240971760782
7,stablemakeup,ok,/DATA/yantongliu/PSGAN-ours/PSGAN-spiga/results/stablemakeup_updated30/pair07_vSYYZ551_vFG403.png,0.6249937532043748,0.7078492606570334,0.4499254549055392,0.6085399711629405,0.512419971607157,0.7170491248007966
8,baseline,ok,/DATA/yantongliu/PSGAN-ours/PSGAN-spiga/results/baseline_updated30/pair08_result.png,0.019456554995317354,0.019653207933369984,0.026092414159992455,0.016215390452439794,0.01656207061501625,0.019166685746541907
8,ours,ok,/DATA/yantongliu/PSGAN-ours/PSGAN-spiga/results/ours_updated30/pair08_result.png,0.020907488790163607,0.01852686027378942,0.026781112791700857,0.02141876360348283,0.01653398339989986,0.022388236353253845
8,stablemakeup,ok,/DATA/yantongliu/PSGAN-ours/PSGAN-spiga/results/stablemakeup_updated30/pair08_vSYYZ683_vFG449.png,0.636559887725118,0.7157665132691519,0.44758184704616844,0.6280027392614014,0.5086049535008224,0.744346714904337
9,baseline,ok,/DATA/yantongliu/PSGAN-ours/PSGAN-spiga/results/baseline_updated30/pair09_result.png,0.008695577003247319,0.008698599281330825,0.021863644131816084,0.005615149681921482,0.006880977701553326,0.004583927896937681
9,ours,ok,/DATA/yantongliu/PSGAN-ours/PSGAN-spiga/results/ours_updated30/pair09_result.png,0.009751580709149516,0.007565233609520748,0.024974894133395566,0.004878207037992034,0.006010699058813398,0.008435865357614654
9,stablemakeup,ok,/DATA/yantongliu/PSGAN-ours/PSGAN-spiga/results/stablemakeup_updated30/pair09_vSYYZ761_vFG581.png,0.6547259122432018,0.7490769750110393,0.47739464782070845,0.6265749744148214,0.5361904040781545,0.7469821930655782
10,baseline,ok,/DATA/yantongliu/PSGAN-ours/PSGAN-spiga/results/baseline_updated30/pair10_result.png,0.026063302258228657,0.02676416440726047,0.025223613035802447,0.027798166040224725,0.023738518189752464,0.026501586380227954
10,ours,ok,/DATA/yantongliu/PSGAN-ours/PSGAN-spiga/results/ours_updated30/pair10_result.png,0.028899038195117393,0.03311072557436893,0.026542814457469317,0.029789575581662238,0.0252604253354608,0.028279634404672144
10,stablemakeup,ok,/DATA/yantongliu/PSGAN-ours/PSGAN-spiga/results/stablemakeup_updated30/pair10_vSYYZ769_vFG587.png,0.6470332137320783,0.728378533265023,0.46449777905797585,0.6297090021982809,0.5305529591969534,0.7468414816399247
11,baseline,ok,/DATA/yantongliu/PSGAN-ours/PSGAN-spiga/results/baseline_updated30/pair11_result.png,0.026784164713958607,0.030250165800640022,0.02273009915596454,0.02453354794548366,0.026347312840919054,0.027139976725998282
11,ours,ok,/DATA/yantongliu/PSGAN-ours/PSGAN-spiga/results/ours_updated30/pair11_result.png,0.03051172900225905,0.03434377617334599,0.031104410569437902,0.025938578354237338,0.02938507712515806,0.02969205905325977
11,stablemakeup,ok,/DATA/yantongliu/PSGAN-ours/PSGAN-spiga/results/stablemakeup_updated30/pair11_vSYYZ790_vFG639.png,0.6684276948238006,0.7675330400185043,0.4867813675246695,0.6366769837012647,0.5436754794845544,0.7641502611948245
12,baseline,ok,/DATA/yantongliu/PSGAN-ours/PSGAN-spiga/results/baseline_updated30/pair12_result.png,0.004160168179347655,0.0032426649035787636,0.0054153547148101675,0.0033859147835947124,0.003531864678469151,0.00503784896088231
12,ours,ok,/DATA/yantongliu/PSGAN-ours/PSGAN-spiga/results/ours_updated30/pair12_result.png,0.007724020014814642,0.006409291066908349,0.018143206072508435,0.005931764087811783,0.0040866375411361434,0.006620892663902051
12,stablemakeup,ok,/DATA/yantongliu/PSGAN-ours/PSGAN-spiga/results/stablemakeup_updated30/pair12_vSYYZ850_vFG651.png,0.6800294917609124,0.7838457917935892,0.49675843752463333,0.6399445043866429,0.5454847679549306,0.7821862449446504
13,baseline,ok,/DATA/yantongliu/PSGAN-ours/PSGAN-spiga/results/baseline_updated30/pair13_result.png,0.008921155927058742,0.01172792722729075,0.013840835020871686,0.00362318526720856,0.00539238770362454,0.008576910323527214
13,ours,ok,/DATA/yantongliu/PSGAN-ours/PSGAN-spiga/results/ours_updated30/pair13_result.png,0.010243014649284898,0.015072179080200436,0.01274706081226571,0.006067772232193727,0.004656487074182223,0.01011697211688342
13,stablemakeup,ok,/DATA/yantongliu/PSGAN-ours/PSGAN-spiga/results/stablemakeup_updated30/pair13_vSYYZ861_vFG844.png,0.6713110230120666,0.7745939141699266,0.4691510894213002,0.639959489179542,0.5346626400046331,0.7806979107524449
14,baseline,ok,/DATA/yantongliu/PSGAN-ours/PSGAN-spiga/results/baseline_updated30/pair14_result.png,0.10746532087835692,0.11672815037834469,0.10606602549075046,0.0999786681047333,0.1039673502450307,0.10575937797449796
14,ours,ok,/DATA/yantongliu/PSGAN-ours/PSGAN-spiga/results/ours_updated30/pair14_result.png,0.10684469688742788,0.11480407965374981,0.09941450265980319,0.10280200933256417,0.10570103849149486,0.1062996877815014
14,stablemakeup,ok,/DATA/yantongliu/PSGAN-ours/PSGAN-spiga/results/stablemakeup_updated30/pair14_vSYYZ880_vFG98.png,0.6557510799378504,0.7226732358807494,0.4795978841564866,0.6536586014360473,0.5330909533966873,0.7614814586117404
15,baseline,ok,/DATA/yantongliu/PSGAN-ours/PSGAN-spiga/results/baseline_updated30/pair15_result.png,0.10316486690462867,0.1018873695044773,0.10176752005351399,0.10325612251491374,0.10614113555235685,0.10312257223874005
15,ours,ok,/DATA/yantongliu/PSGAN-ours/PSGAN-spiga/results/ours_updated30/pair15_result.png,0.1070720800976083,0.10556468971644398,0.11468076315756097,0.10285711953051822,0.1064674835912176,0.1068084874558615
15,stablemakeup,ok,/DATA/yantongliu/PSGAN-ours/PSGAN-spiga/results/stablemakeup_updated30/pair15_vSYYZ953_vHX109.png,0.6742215159906294,0.7610901657361674,0.4969976280032833,0.6513762544463079,0.5474889202456427,0.7753153549211567
16,baseline,ok,/DATA/yantongliu/PSGAN-ours/PSGAN-spiga/results/baseline_updated30/pair16_result.png,0.09943924451248788,0.09836281782419246,0.09516120875293257,0.10202817534249084,0.09687161235982812,0.10286882036730102
16,ours,ok,/DATA/yantongliu/PSGAN-ours/PSGAN-spiga/results/ours_updated30/pair16_result.png,0.10040490973318915,0.10108625281192614,0.0971758681085754,0.10092276623907014,0.10036768920664817,0.10122957925974024
16,stablemakeup,ok,/DATA/yantongliu/PSGAN-ours/PSGAN-spiga/results/stablemakeup_updated30/pair16_XMY-176_08d07734712422248a6af552f03453ea.png,0.6474732102816209,0.7460641141095028,0.475401213908965,0.6134979989138569,0.5314641491697605,0.7346012887601354
17,baseline,ok,/DATA/yantongliu/PSGAN-ours/PSGAN-spiga/results/baseline_updated30/pair17_result.png,0.02626504941556514,0.029970396331631833,0.024104746853455473,0.02460854333512175,0.026779508869689096,0.024632415240861797
17,ours,ok,/DATA/yantongliu/PSGAN-ours/PSGAN-spiga/results/ours_updated30/pair17_result.png,0.027998075241090277,0.029335089856320877,0.027634259631335353,0.026207342535986923,0.026132105166006916,0.0289689412320341
17,stablemakeup,ok,/DATA/yantongliu/PSGAN-ours/PSGAN-spiga/results/stablemakeup_updated30/pair17_xfsy_0037_0d384dbbcc121ca5049c423f81c26e6a.png,0.6732983987841719,0.7688147319151478,0.4929524297021698,0.6410318746027925,0.5500770514845013,0.7707352068465089
18,baseline,ok,/DATA/yantongliu/PSGAN-ours/PSGAN-spiga/results/baseline_updated30/pair18_result.png,0.10223671552156584,0.10169213367097875,0.09421807270923131,0.10228876076141652,0.10289310780371518,0.10629162330483849
18,ours,ok,/DATA/yantongliu/PSGAN-ours/PSGAN-spiga/results/ours_updated30/pair18_result.png,0.10221942233846253,0.10063691198390833,0.09197475779479489,0.10308454174513035,0.10187440553915997,0.10850457389351366
18,stablemakeup,ok,/DATA/yantongliu/PSGAN-ours/PSGAN-spiga/results/stablemakeup_updated30/pair18_xfsy_0086_73f84e0462a6d0331f31f545cf87dae5.png,0.6658574586124667,0.7671596733476038,0.48380292732719604,0.6393193815515881,0.5364474514536535,0.7603660666165324
19,baseline,ok,/DATA/yantongliu/PSGAN-ours/PSGAN-spiga/results/baseline_updated30/pair19_result.png,0.028334767598922617,0.02556351307653909,0.02231517391476656,0.02417809997981496,0.03206760774715433,0.033330940680414534
19,ours,ok,/DATA/yantongliu/PSGAN-ours/PSGAN-spiga/results/ours_updated30/pair19_result.png,0.02915816019304538,0.027941702808431227,0.02853848212391808,0.02596611821226655,0.03098206501082251,0.03084405325688617
19,stablemakeup,ok,/DATA/yantongliu/PSGAN-ours/PSGAN-spiga/results/stablemakeup_updated30/pair19_xfsy_0103_74a81ed20e457944b5273367cc969299.png,0.7035985328781056,0.8382486201583879,0.5198631174943936,0.6480780165188792,0.5562523011049616,0.7944057045431538
20,baseline,ok,/DATA/yantongliu/PSGAN-ours/PSGAN-spiga/results/baseline_updated30/pair20_result.png,0.023955515736687645,0.027495029150382388,0.021729504187878272,0.024974864819984326,0.020867394708987314,0.023454100115019933
20,ours,ok,/DATA/yantongliu/PSGAN-ours/PSGAN-spiga/results/ours_updated30/pair20_result.png,0.026532270348351282,0.030410710630564667,0.027308136118920693,0.025279672969626275,0.02322164166015487,0.025397712248349615
20,stablemakeup,ok,/DATA/yantongliu/PSGAN-ours/PSGAN-spiga/results/stablemakeup_updated30/pair20_xfsy_0106_8ed6feb8f72b89632d02fbafcc2511a9.png,0.6615013806413046,0.7928642644152605,0.48519216485820305,0.5961923366126237,0.5362144770403401,0.7425587923806906
21,baseline,ok,/DATA/yantongliu/PSGAN-ours/PSGAN-spiga/results/baseline_updated30/pair21_result.png,0.10087466065669601,0.10243850666050444,0.09445147070743098,0.10087013825296151,0.10075253160417547,0.10283232409866139
21,ours,ok,/DATA/yantongliu/PSGAN-ours/PSGAN-spiga/results/ours_updated30/pair21_result.png,0.10140073274291793,0.10248678588648726,0.09862306512367645,0.10192401530907931,0.10157086931492189,0.10152889367972523
21,stablemakeup,ok,/DATA/yantongliu/PSGAN-ours/PSGAN-spiga/results/stablemakeup_updated30/pair21_xfsy_0153_9b88951909bde896d18d71c42c2beca1.png,0.6567468274100028,0.7501218452701768,0.4871030464650477,0.6256228358275426,0.5340454764707968,0.7498264701157146
22,baseline,ok,/DATA/yantongliu/PSGAN-ours/PSGAN-spiga/results/baseline_updated30/pair22_result.png,0.008613155372866116,0.008826400326966279,0.009439586681700671,0.005768564222435083,0.004786982760808503,0.011594446876293544
22,ours,ok,/DATA/yantongliu/PSGAN-ours/PSGAN-spiga/results/ours_updated30/pair22_result.png,0.01301696693027711,0.011166529571798249,0.010957701265946607,0.007349727334034665,0.005492795664259521,0.02268423357640102
22,stablemakeup,ok,/DATA/yantongliu/PSGAN-ours/PSGAN-spiga/results/stablemakeup_updated30/pair22_xfsy_0230_XMY-005.png,0.6644516109647761,0.7510167254929168,0.48554185962775476,0.6343143845034359,0.5368963543347536,0.7704209771046789
23,baseline,ok,/DATA/yantongliu/PSGAN-ours/PSGAN-spiga/results/baseline_updated30/pair23_result.png,0.030701863381406586,0.027992736331282336,0.03471140711038297,0.03327575332505608,0.02843125608842383,0.0312039629491008
23,ours,ok,/DATA/yantongliu/PSGAN-ours/PSGAN-spiga/results/ours_updated30/pair23_result.png,0.030625516528264417,0.029713225329261076,0.02721536529361355,0.02880422666715113,0.02791434010470932,0.03555233949578078
23,stablemakeup,ok,/DATA/yantongliu/PSGAN-ours/PSGAN-spiga/results/stablemakeup_updated30/pair23_xfsy_0260_XMY-014.png,0.6648331359534394,0.7766469503403215,0.48502443443939924,0.6325453006304045,0.5271741747339359,0.7568205855659318
24,baseline,ok,/DATA/yantongliu/PSGAN-ours/PSGAN-spiga/results/baseline_updated30/pair24_result.png,0.008002265570712914,0.008954888565367176,0.0067416547216497666,0.009904319522748327,0.007326203998988012,0.007372557830579799
24,ours,ok,/DATA/yantongliu/PSGAN-ours/PSGAN-spiga/results/ours_updated30/pair24_result.png,0.011099668190396459,0.012469373474635092,0.013255374910762313,0.0050747853222932295,0.0070602019251656024,0.013992445194880045
24,stablemakeup,ok,/DATA/yantongliu/PSGAN-ours/PSGAN-spiga/results/stablemakeup_updated30/pair24_xfsy_0303_XMY-060.png,0.6753987304365818,0.7784537908328071,0.49223503294213433,0.6420806680944696,0.5489982289217709,0.7702171176217131
25,baseline,ok,/DATA/yantongliu/PSGAN-ours/PSGAN-spiga/results/baseline_updated30/pair25_result.png,0.02755834856348502,0.03560251456208212,0.02643316767370087,0.023166010242051806,0.024326231925025005,0.025199211538699653
25,ours,ok,/DATA/yantongliu/PSGAN-ours/PSGAN-spiga/results/ours_updated30/pair25_result.png,0.02757878250046236,0.03351525576729599,0.02226609554252981,0.022475498868130633,0.0244214720669617,0.029379978461266935
25,stablemakeup,ok,/DATA/yantongliu/PSGAN-ours/PSGAN-spiga/results/stablemakeup_updated30/pair25_xfsy_0383_XMY-402.png,0.6765349663908108,0.7963742149977899,0.49970907282033583,0.6247203001232497,0.5428158232939462,0.7666327702026103
26,baseline,ok,/DATA/yantongliu/PSGAN-ours/PSGAN-spiga/results/baseline_updated30/pair26_result.png,0.025659323775430336,0.03252316341107147,0.022805794603482327,0.01772874748786364,0.025140941928644984,0.025131617788204386
26,ours,ok,/DATA/yantongliu/PSGAN-ours/PSGAN-spiga/results/ours_updated30/pair26_result.png,0.026566584868490076,0.024991808327306766,0.02840302521912081,0.026510941276306127,0.02793298090968233,0.026192136396661708
26,stablemakeup,ok,/DATA/yantongliu/PSGAN-ours/PSGAN-spiga/results/stablemakeup_updated30/pair26_xfsy_0417_XYH-005.png,0.627182164737369,0.7043474407305221,0.4702475920787531,0.6040434152569237,0.5123483908803215,0.7193716844315915
27,baseline,ok,/DATA/yantongliu/PSGAN-ours/PSGAN-spiga/results/baseline_updated30/pair27_result.png,0.02827912651791098,0.03592565742512534,0.02878268461645118,0.022191128909032264,0.023564268372891287,0.027096310311306007
27,ours,ok,/DATA/yantongliu/PSGAN-ours/PSGAN-spiga/results/ours_updated30/pair27_result.png,0.02789900988607244,0.030020311886395867,0.024733779982638742,0.02679038330900839,0.027339381117389445,0.028513183262809886
27,stablemakeup,ok,/DATA/yantongliu/PSGAN-ours/PSGAN-spiga/results/stablemakeup_updated30/pair27_xfsy_0441_XYH-049.png,0.6661190768322361,0.793376716129488,0.49288016943843144,0.6118452842404488,0.5475840693070545,0.74011366110434
28,baseline,ok,/DATA/yantongliu/PSGAN-ours/PSGAN-spiga/results/baseline_updated30/pair28_result.png,0.027071309389408865,0.022401404418466612,0.023885463008736958,0.029060442517879554,0.022786286163976658,0.034309557754741364
28,ours,ok,/DATA/yantongliu/PSGAN-ours/PSGAN-spiga/results/ours_updated30/pair28_result.png,0.026673717739324997,0.026790261336183025,0.020122940654067775,0.03047685335228754,0.023945852355695695,0.029775358887722404
28,stablemakeup,ok,/DATA/yantongliu/PSGAN-ours/PSGAN-spiga/results/stablemakeup_updated30/pair28_xfsy_0474_af0133cb94d36f4ab6fd45bb08a12d63.png,0.6786036573129478,0.8086303515264656,0.49584371203790634,0.6120807087828913,0.5470424616428766,0.7683329939514572
29,baseline,ok,/DATA/yantongliu/PSGAN-ours/PSGAN-spiga/results/baseline_updated30/pair29_result.png,0.09884765575732932,0.1019153725131785,0.09753047800313032,0.095876238220543,0.09812534371068378,0.09866922852073345
29,ours,ok,/DATA/yantongliu/PSGAN-ours/PSGAN-spiga/results/ours_updated30/pair29_result.png,0.0976445443661113,0.10187387451136516,0.10070365211703107,0.09490789640133675,0.09843555131217296,0.09327695643593148
29,stablemakeup,ok,/DATA/yantongliu/PSGAN-ours/PSGAN-spiga/results/stablemakeup_updated30/pair29_xfsy_0481_b41f1f7fd71a2744bd9c2fcfe55e12b6.png,0.6433972073474468,0.7396455990341665,0.48165504895819466,0.6032565232166323,0.526574545668917,0.7306141033498169
30,baseline,ok,/DATA/yantongliu/PSGAN-ours/PSGAN-spiga/results/baseline_updated30/pair30_result.png,0.10360447200584914,0.1009569960112466,0.10250280729608242,0.10581103367232496,0.10008857839871199,0.10752223340921635
30,ours,ok,/DATA/yantongliu/PSGAN-ours/PSGAN-spiga/results/ours_updated30/pair30_result.png,0.10294104559566986,0.1005994093801067,0.10250449449190512,0.10404347047058747,0.10242001109668075,0.10496622444089915
30,stablemakeup,ok,/DATA/yantongliu/PSGAN-ours/PSGAN-spiga/results/stablemakeup_updated30/pair30_xfsy_0520_retertet.png,0.6744811644177644,0.7608605474929432,0.5046002970057948,0.6458248911740154,0.5476030002766754,0.7750214725024409
